{"examples": {"_type": "images/separated", "width": 28, "height": 28, "format": "png", "count": 108}, "_runtime": 56, "_timestamp": 1642427734, "_step": 30, "gradients/output.bias": {"_type": "histogram", "values": [1.0, 0.0, 0.0, 0.0, 0.0, 0.0, 0.0, 0.0, 0.0, 0.0, 0.0, 0.0, 0.0, 0.0, 0.0, 0.0, 0.0, 0.0, 0.0, 0.0, 0.0, 0.0, 0.0, 0.0, 0.0, 0.0, 0.0, 0.0, 0.0, 0.0, 0.0, 0.0, 0.0, 1.0, 4.0, 1.0, 1.0, 1.0, 0.0, 0.0, 0.0, 0.0, 0.0, 0.0, 0.0, 0.0, 0.0, 0.0, 0.0, 0.0, 0.0, 0.0, 0.0, 0.0, 0.0, 0.0, 0.0, 0.0, 0.0, 0.0, 0.0, 0.0, 0.0, 1.0], "bins": [-0.01203108485788107, -0.011682750657200813, -0.011334416456520557, -0.010986082255840302, -0.010637748055160046, -0.01028941385447979, -0.009941080585122108, -0.009592746384441853, -0.009244412183761597, -0.00889607798308134, -0.008547743782401085, -0.008199409581720829, -0.007851075381040573, -0.0075027416460216045, -0.007154407445341349, -0.00680607371032238, -0.006457739043980837, -0.006109404843300581, -0.005761070642620325, -0.0054127369076013565, -0.005064402706921101, -0.004716068506240845, -0.004367734305560589, -0.004019400104880333, -0.0036710661370307207, -0.003322731936350465, -0.0029743979685008526, -0.0026260637678205967, -0.002277729567140341, -0.0019293955992907286, -0.0015810613986104727, -0.0012327274307608604, -0.0008843932300806046, -0.0005360591458156705, -0.00018772500334307551, 0.00016060913912951946, 0.0005089432233944535, 0.0008572773076593876, 0.0012056115083396435, 0.0015539454761892557, 0.0019022796768695116, 0.0022506138775497675, 0.0025989478453993797, 0.0029472820460796356, 0.0032956162467598915, 0.0036439502146095037, 0.003992284648120403, 0.004340618383139372, 0.004688952583819628, 0.005037286784499884, 0.0053856209851801395, 0.005733954720199108, 0.006082288920879364, 0.00643062312155962, 0.006778957322239876, 0.007127291522920132, 0.007475625723600388, 0.007823959924280643, 0.0081722941249609, 0.008520628325641155, 0.008868962526321411, 0.009217295795679092, 0.009565630927681923, 0.009913964197039604, 0.01026229839771986]}, "gradients/output.weight": {"_type": "histogram", "values": [1.0, 0.0, 0.0, 0.0, 0.0, 0.0, 0.0, 0.0, 0.0, 0.0, 0.0, 0.0, 0.0, 0.0, 2.0, 0.0, 0.0, 1.0, 1.0, 1.0, 0.0, 0.0, 1.0, 2.0, 1.0, 1.0, 1.0, 1.0, 0.0, 0.0, 0.0, 0.0, 1.0, 13.0, 582.0, 17.0, 1.0, 0.0, 0.0, 1.0, 0.0, 1.0, 2.0, 1.0, 2.0, 0.0, 0.0, 1.0, 2.0, 0.0, 0.0, 2.0, 0.0, 0.0, 0.0, 0.0, 0.0, 0.0, 0.0, 0.0, 0.0, 0.0, 0.0, 1.0], "bins": [-0.06401553004980087, -0.06215045601129532, -0.060285381972789764, -0.05842030793428421, -0.056555237621068954, -0.0546901635825634, -0.052825089544057846, -0.05096001550555229, -0.049094945192337036, -0.04722987115383148, -0.04536479711532593, -0.043499723076820374, -0.04163465276360512, -0.039769578725099564, -0.03790450468659401, -0.036039430648088455, -0.0341743566095829, -0.03230928257107735, -0.030444210395216942, -0.028579136356711388, -0.026714064180850983, -0.02484899014234543, -0.022983916103839874, -0.02111884206533432, -0.019253769889473915, -0.01738869585096836, -0.015523623675107956, -0.013658549636602402, -0.011793476529419422, -0.009928403422236443, -0.008063329383730888, -0.006198256276547909, -0.004333179444074631, -0.0024681061040610075, -0.0006030327640473843, 0.0012620408087968826, 0.003127113915979862, 0.004992187023162842, 0.006857261061668396, 0.008722334168851376, 0.010587407276034355, 0.012452480383217335, 0.014317553490400314, 0.01618262752890587, 0.018047701567411423, 0.019912773743271828, 0.021777847781777382, 0.023642919957637787, 0.02550799399614334, 0.027373068034648895, 0.0292381402105093, 0.031103214249014854, 0.03296828642487526, 0.034833360463380814, 0.03669843450188637, 0.03856350854039192, 0.04042857885360718, 0.04229365289211273, 0.044158726930618286, 0.04602380096912384, 0.047888871282339096, 0.04975394532084465, 0.051619019359350204, 0.05348409339785576, 0.05534916743636131]}, "gradients/fc2.bias": {"_type": "histogram", "values": [1.0, 0.0, 0.0, 0.0, 0.0, 0.0, 0.0, 0.0, 0.0, 0.0, 0.0, 0.0, 0.0, 0.0, 0.0, 0.0, 0.0, 0.0, 0.0, 0.0, 0.0, 1.0, 0.0, 0.0, 0.0, 1.0, 0.0, 1.0, 0.0, 0.0, 0.0, 0.0, 0.0, 1.0, 0.0, 1.0, 0.0, 2.0, 0.0, 43.0, 6.0, 0.0, 0.0, 1.0, 0.0, 0.0, 0.0, 0.0, 0.0, 0.0, 1.0, 0.0, 1.0, 0.0, 1.0, 0.0, 0.0, 0.0, 1.0, 0.0, 0.0, 1.0, 0.0, 1.0], "bins": [-0.010487757623195648, -0.010225051082670689, -0.009962344542145729, -0.009699638932943344, -0.009436932392418385, -0.009174225851893425, -0.008911519311368465, -0.008648812770843506, -0.008386107161641121, -0.008123400621116161, -0.007860694080591202, -0.0075979880057275295, -0.007335281930863857, -0.007072575390338898, -0.006809868849813938, -0.006547162309288979, -0.006284455768764019, -0.0060217492282390594, -0.005759043153375387, -0.005496336612850428, -0.005233630537986755, -0.004970923997461796, -0.004708217456936836, -0.004445510916411877, -0.004182804841548204, -0.003920098301023245, -0.0036573922261595726, -0.003394685685634613, -0.003131979377940297, -0.002869273070245981, -0.0026065665297210217, -0.0023438602220267057, -0.002081152983009815, -0.0018184466753154993, -0.0015557402512058616, -0.0012930338270962238, -0.001030327519401908, -0.000767621211707592, -0.0005049147875979543, -0.00024220836348831654, 2.0497944205999374e-05, 0.0002832043101079762, 0.000545910676009953, 0.0008086170419119298, 0.0010713234078139067, 0.0013340297155082226, 0.0015967361396178603, 0.001859442563727498, 0.002122148871421814, 0.00238485517911613, 0.002647561486810446, 0.0029102680273354053, 0.0031729743350297213, 0.003435680642724037, 0.0036983871832489967, 0.003961093723773956, 0.0042237997986376286, 0.004486506339162588, 0.00474921241402626, 0.00501191895455122, 0.0052746254950761795, 0.005537331569939852, 0.005800038110464811, 0.006062744185328484, 0.006325450725853443]}, "gradients/fc2.weight": {"_type": "histogram", "values": [1.0, 0.0, 0.0, 0.0, 0.0, 0.0, 0.0, 0.0, 1.0, 0.0, 0.0, 0.0, 0.0, 0.0, 0.0, 0.0, 1.0, 0.0, 0.0, 1.0, 0.0, 1.0, 1.0, 2.0, 0.0, 2.0, 0.0, 1.0, 2.0, 0.0, 2.0, 3.0, 4.0, 3.0, 4.0, 4.0, 5.0, 11.0, 12.0, 8072.0, 4.0, 4.0, 5.0, 2.0, 7.0, 4.0, 3.0, 5.0, 5.0, 4.0, 4.0, 2.0, 2.0, 1.0, 2.0, 0.0, 1.0, 0.0, 2.0, 0.0, 0.0, 1.0, 0.0, 1.0], "bins": [-0.05706463009119034, -0.05562879517674446, -0.054192960262298584, -0.05275712534785271, -0.05132129043340683, -0.04988545551896095, -0.048449620604515076, -0.0470137894153595, -0.04557795077562332, -0.044142115861177444, -0.04270628094673157, -0.04127044603228569, -0.03983461111783981, -0.038398776203393936, -0.03696294128894806, -0.03552711009979248, -0.0340912751853466, -0.032655440270900726, -0.03121960535645485, -0.029783770442008972, -0.028347935527563095, -0.026912100613117218, -0.02547626756131649, -0.024040432646870613, -0.022604597732424736, -0.02116876281797886, -0.019732927903532982, -0.018297094851732254, -0.016861259937286377, -0.015425424091517925, -0.013989590108394623, -0.012553755193948746, -0.01111791655421257, -0.009682081639766693, -0.008246246725320816, -0.006810412742197514, -0.0053745778277516365, -0.003938742913305759, -0.002502908930182457, -0.00106707401573658, 0.0003687608987092972, 0.0018045955803245306, 0.003240430261939764, 0.004676264710724354, 0.006112099625170231, 0.007547934539616108, 0.00898376852273941, 0.010419603437185287, 0.011855438351631165, 0.013291273266077042, 0.014727108180522919, 0.016162943094968796, 0.017598778009414673, 0.01903461292386055, 0.020470445975661278, 0.021906280890107155, 0.023342115804553032, 0.02477795071899891, 0.026213785633444786, 0.027649618685245514, 0.02908545359969139, 0.030521288514137268, 0.031957123428583145, 0.03339295834302902, 0.0348287932574749]}, "gradients/fc1.bias": {"_type": "histogram", "values": [1.0, 0.0, 0.0, 0.0, 0.0, 0.0, 0.0, 0.0, 0.0, 0.0, 0.0, 0.0, 1.0, 0.0, 0.0, 0.0, 0.0, 0.0, 0.0, 0.0, 0.0, 0.0, 0.0, 0.0, 0.0, 0.0, 0.0, 1.0, 0.0, 0.0, 0.0, 0.0, 0.0, 0.0, 120.0, 0.0, 1.0, 0.0, 1.0, 0.0, 1.0, 0.0, 0.0, 1.0, 0.0, 0.0, 0.0, 0.0, 0.0, 0.0, 0.0, 0.0, 0.0, 0.0, 0.0, 0.0, 0.0, 0.0, 0.0, 0.0, 0.0, 0.0, 0.0, 1.0],