{"gradients/output.bias": {"_type": "histogram", "values": [1.0, 0.0, 0.0, 0.0, 0.0, 0.0, 0.0, 0.0, 0.0, 0.0, 0.0, 0.0, 1.0, 0.0, 0.0, 0.0, 0.0, 0.0, 1.0, 0.0, 0.0, 0.0, 0.0, 0.0, 0.0, 0.0, 0.0, 0.0, 0.0, 0.0, 1.0, 2.0, 1.0, 0.0, 0.0, 0.0, 0.0, 0.0, 0.0, 0.0, 0.0, 0.0, 0.0, 1.0, 0.0, 0.0, 0.0, 0.0, 0.0, 0.0, 0.0, 1.0, 0.0, 0.0, 0.0, 0.0, 0.0, 0.0, 0.0, 0.0, 0.0, 0.0, 0.0, 1.0], "bins": [-0.02395547181367874, -0.023195847868919373, -0.022436223924160004, -0.021676599979400635, -0.020916977897286415, -0.020157353952527046, -0.019397730007767677, -0.01863810606300831, -0.01787848211824894, -0.01711885817348957, -0.0163592342287302, -0.015599611215293407, -0.014839987270534039, -0.014080364257097244, -0.013320740312337875, -0.012561116367578506, -0.011801493354141712, -0.011041869409382343, -0.010282246395945549, -0.00952262245118618, -0.008762998506426811, -0.008003374561667442, -0.007243751548230648, -0.006484127603471279, -0.0057245041243731976, -0.004964880645275116, -0.004205256700515747, -0.0034456332214176655, -0.0026860095094889402, -0.001926385797560215, -0.0011667623184621334, -0.0004071383737027645, 0.0003524851053953171, 0.0011121088173240423, 0.0018717324128374457, 0.002631356008350849, 0.0033909797202795744, 0.0041506034322083, 0.004910226911306381, 0.00566985085606575, 0.006429474335163832, 0.007189097814261913, 0.007948721759021282, 0.008708344772458076, 0.009467968717217445, 0.010227592661976814, 0.010987216606736183, 0.011746840551495552, 0.012506463564932346, 0.013266087509691715, 0.01402571052312851, 0.014785334467887878, 0.015544958412647247, 0.016304582357406616, 0.017064206302165985, 0.017823830246925354, 0.018583452329039574, 0.019343076273798943, 0.02010270021855831, 0.02086232230067253, 0.0216219462454319, 0.02238157019019127, 0.023141194134950638, 0.023900818079710007, 0.024660442024469376]}, "gradients/output.weight": {"_type": "histogram", "values": [1.0, 0.0, 0.0, 0.0, 0.0, 0.0, 0.0, 0.0, 0.0, 0.0, 0.0, 0.0, 1.0, 1.0, 0.0, 0.0, 0.0, 1.0, 1.0, 1.0, 1.0, 0.0, 3.0, 3.0, 3.0, 6.0, 4.0, 4.0, 8.0, 8.0, 19.0, 52.0, 465.0, 21.0, 6.0, 5.0, 1.0, 5.0, 4.0, 2.0, 3.0, 2.0, 1.0, 2.0, 1.0, 0.0, 1.0, 0.0, 0.0, 0.0, 0.0, 3.0, 0.0, 0.0, 0.0, 0.0, 0.0, 0.0, 0.0, 0.0, 0.0, 0.0, 0.0, 1.0], "bins": [-0.19979722797870636, -0.19355422258377075, -0.18731123208999634, -0.18106822669506073, -0.17482522130012512, -0.1685822308063507, -0.1623392254114151, -0.1560962200164795, -0.14985322952270508, -0.14361022412776947, -0.13736723363399506, -0.13112422823905945, -0.12488123029470444, -0.11863823235034943, -0.11239522695541382, -0.10615222901105881, -0.0999092310667038, -0.09366623312234879, -0.08742323517799377, -0.08118022978305817, -0.07493723183870316, -0.06869423389434814, -0.062451232224702835, -0.056208230555057526, -0.049965232610702515, -0.043722234666347504, -0.037479232996702194, -0.031236233189702034, -0.024993233382701874, -0.018750233575701714, -0.012507233768701553, -0.006264232099056244, -2.1249055862426758e-05, 0.0062217507511377335, 0.012464750558137894, 0.018707750365138054, 0.024950750172138214, 0.031193749979138374, 0.037436749786138535, 0.043679751455783844, 0.049922749400138855, 0.056165747344493866, 0.062408749014139175, 0.06865175068378448, 0.0748947486281395, 0.0811377465724945, 0.08738075196743011, 0.09362374991178513, 0.09986674785614014, 0.10610974580049515, 0.11235274374485016, 0.11859574913978577, 0.12483874708414078, 0.1310817450284958, 0.1373247504234314, 0.1435677409172058, 0.14981074631214142, 0.15605375170707703, 0.16229674220085144, 0.16853974759578705, 0.17478275299072266, 0.18102574348449707, 0.18726874887943268, 0.1935117542743683, 0.1997547447681427]}, "gradients/fc2.bias": {"_type": "histogram", "values": [1.0, 0.0, 0.0, 0.0, 1.0, 0.0, 1.0, 0.0, 1.0, 0.0, 0.0, 0.0, 1.0, 1.0, 0.0, 0.0, 0.0, 0.0, 1.0, 2.0, 0.0, 0.0, 1.0, 2.0, 1.0, 2.0, 2.0, 5.0, 6.0, 17.0, 2.0, 2.0, 1.0, 0.0, 0.0, 0.0, 0.0, 1.0, 1.0, 1.0, 0.0, 0.0, 1.0, 1.0, 1.0, 1.0, 0.0, 0.0, 3.0, 0.0, 0.0, 0.0, 0.0, 0.0, 0.0, 0.0, 0.0, 0.0, 0.0, 1.0, 1.0, 0.0, 1.0, 1.0], "bins": [-0.010631009936332703, -0.010267474688589573, -0.009903938509523869, -0.009540403261780739, -0.009176868014037609, -0.00881333276629448, -0.008449796587228775, -0.008086261339485645, -0.007722725626081228, -0.007359189912676811, -0.0069956546649336815, -0.0066321189515292645, -0.006268583238124847, -0.005905047990381718, -0.005541512276977301, -0.005177976563572884, -0.004814441315829754, -0.004450905602425337, -0.004087370354682207, -0.00372383464127779, -0.0033602991607040167, -0.0029967636801302433, -0.0026332279667258263, -0.002269692486152053, -0.0019061570055782795, -0.0015426215250045061, -0.001179085928015411, -0.0008155503310263157, -0.0004520148504525423, -8.847936987876892e-05, 0.0002750563435256481, 0.0006385918240994215, 0.0010021273046731949, 0.0013656627852469683, 0.0017291983822360635, 0.0020927339792251587, 0.002456269459798932, 0.0028198049403727055, 0.0031833406537771225, 0.003546876134350896, 0.003910411614924669, 0.004273947328329086, 0.004637482576072216, 0.005001018289476633, 0.00536455400288105, 0.00572808925062418, 0.006091624964028597, 0.006455160677433014, 0.006818695925176144, 0.007182231638580561, 0.00754576688632369, 0.007909302599728107, 0.008272837847471237, 0.008636374026536942, 0.008999909274280071, 0.009363444522023201, 0.009726980701088905, 0.010090515948832035, 0.01045405212789774, 0.01081758737564087, 0.011181122623383999, 0.011544657871127129, 0.011908194050192833, 0.012271729297935963, 0.012635264545679092]}, "gradients/fc2.weight": {"_type": "histogram", "values": [1.0, 1.0, 0.0, 0.0, 0.0, 1.0, 0.0, 1.0, 1.0, 1.0, 2.0, 0.0, 5.0, 1.0, 1.0, 4.0, 1.0, 5.0, 5.0, 6.0, 6.0, 3.0, 12.0, 8.0, 10.0, 14.0, 33.0, 37.0, 95.0, 340.0, 7327.0, 61.0, 28.0, 29.0, 25.0, 11.0, 9.0, 6.0, 13.0, 9.0, 13.0, 12.0, 9.0, 2.0, 8.0, 8.0, 4.0, 5.0, 4.0, 5.0, 2.0, 1.0, 1.0, 0.0, 0.0, 1.0, 2.0, 0.0, 0.0, 0.0, 2.0, 0.0, 0.0, 1.0], "bins": [-0.0636337473988533, -0.06152016296982765, -0.059406578540802, -0.05729299411177635, -0.0551794096827507, -0.05306582152843475, -0.0509522370994091, -0.04883865267038345, -0.0467250682413578, -0.04461148381233215, -0.0424978993833065, -0.04038431495428085, -0.038270726799964905, -0.03615714609622955, -0.034043557941913605, -0.031929973512887955, -0.029816389083862305, -0.027702804654836655, -0.025589220225811005, -0.023475633934140205, -0.021362049505114555, -0.019248465076088905, -0.017134878784418106, -0.015021294355392456, -0.012907709926366806, -0.010794125497341156, -0.008680540136992931, -0.006566955242305994, -0.004453370347619057, -0.0023397859185934067, -0.00022620055824518204, 0.0018873848021030426, 0.0040009766817092896, 0.006114561576396227, 0.008228146471083164, 0.010341731831431389, 0.012455316260457039, 0.014568900689482689, 0.016682486981153488, 0.018796071410179138, 0.020909655839204788, 0.023023240268230438, 0.025136824697256088, 0.027250410988926888, 0.029363995417952538, 0.03147757798433304, 0.03359116613864899, 0.03570475056767464, 0.03781833499670029, 0.03993191942572594, 0.04204550385475159, 0.04415908828377724, 0.04627267271280289, 0.048386260867118835, 0.050499845296144485, 0.052613429725170135, 0.054727014154195786, 0.056840598583221436, 0.058954183012247086, 0.061067767441272736, 0.06318135559558868, 0.06529493629932404, 0.06740852445363998, 0.06952211260795593, 0.07163569331169128]}, "gradients/fc1.bias": {"_type": "histogram", "values": [1.0, 0.0, 0.0, 0.0, 1.0, 0.0, 0.0, 0.0, 0.0, 0.0, 0.0, 0.0, 1.0, 1.0, 1.0, 1.0, 0.0, 1.0, 1.0, 1.0, 1.0, 2.0, 5.0, 6.0, 78.0, 6.0, 0.0, 3.0, 1.0, 3.0, 0.0, 1.0, 1.0, 2.0, 1.0, 1.0, 0.0, 1.0, 1.0, 1.0, 1.0, 0.0, 0.0, 0.0, 0.0, 1.0, 0.0, 0.0, 0.0, 0.0, 1.0, 0.0, 0.0, 1.0, 0.0, 0.0, 0.0, 0.0, 0.0, 0.0, 0.0, 0.0, 0.0, 1.0],