{"examples": {"_type": "images/separated", "width": 28, "height": 28, "format": "png", "count": 108}, "_runtime": 48, "_timestamp": 1642428223, "_step": 35, "gradients/output.bias": {"_type": "histogram", "values": [1.0, 0.0, 0.0, 0.0, 0.0, 0.0, 0.0, 0.0, 0.0, 0.0, 0.0, 0.0, 0.0, 0.0, 0.0, 0.0, 0.0, 0.0, 0.0, 1.0, 0.0, 0.0, 0.0, 0.0, 0.0, 0.0, 0.0, 1.0, 2.0, 0.0, 2.0, 0.0, 1.0, 0.0, 0.0, 0.0, 0.0, 0.0, 0.0, 0.0, 0.0, 0.0, 0.0, 1.0, 0.0, 0.0, 0.0, 0.0, 0.0, 0.0, 0.0, 0.0, 0.0, 0.0, 0.0, 0.0, 0.0, 0.0, 0.0, 0.0, 0.0, 0.0, 0.0, 1.0], "bins": [-0.014593122527003288, -0.014114847406744957, -0.013636571355164051, -0.01315829623490572, -0.012680021114647388, -0.012201745063066483, -0.011723469942808151, -0.01124519482254982, -0.010766918770968914, -0.010288643650710583, -0.009810367599129677, -0.009332092478871346, -0.008853817358613014, -0.008375541307032108, -0.007897266186773777, -0.007418990600854158, -0.006940715480595827, -0.0064624398946762085, -0.005984164774417877, -0.005505889188498259, -0.00502761360257864, -0.004549338482320309, -0.00407106289640069, -0.0035927873104810715, -0.0031145119573920965, -0.0026362366043031216, -0.002157961018383503, -0.001679685665294528, -0.0012014101957902312, -0.0007231347262859344, -0.0002448593731969595, 0.0002334162127226591, 0.0007116915658116341, 0.0011899670353159308, 0.0016682425048202276, 0.0021465178579092026, 0.002624793443828821, 0.003103068796917796, 0.003581344150006771, 0.00405961973592639, 0.004537895321846008, 0.005016170907765627, 0.005494446028023958, 0.005972721613943577, 0.006450997199863195, 0.006929272785782814, 0.007407547906041145, 0.007885823026299477, 0.008364098146557808, 0.00884237326681614, 0.009320649318397045, 0.009798924438655376, 0.010277199558913708, 0.010755475610494614, 0.011233750730752945, 0.011712025851011276, 0.012190301902592182, 0.012668577022850513, 0.01314685307443142, 0.01362512819468975, 0.014103403314948082, 0.014581679366528988, 0.01505995448678732, 0.015538230538368225, 0.016016505658626556]}, "gradients/output.weight": {"_type": "histogram", "values": [1.0, 0.0, 0.0, 1.0, 1.0, 0.0, 0.0, 0.0, 0.0, 0.0, 1.0, 0.0, 0.0, 1.0, 1.0, 1.0, 0.0, 1.0, 0.0, 1.0, 1.0, 0.0, 0.0, 1.0, 4.0, 1.0, 2.0, 2.0, 5.0, 11.0, 28.0, 538.0, 10.0, 6.0, 3.0, 2.0, 1.0, 2.0, 1.0, 3.0, 0.0, 0.0, 1.0, 1.0, 0.0, 1.0, 0.0, 1.0, 2.0, 0.0, 0.0, 0.0, 1.0, 0.0, 0.0, 0.0, 0.0, 1.0, 0.0, 1.0, 0.0, 0.0, 0.0, 1.0], "bins": [-0.20798495411872864, -0.20132653415203094, -0.19466811418533325, -0.18800969421863556, -0.18135127425193787, -0.17469285428524017, -0.16803443431854248, -0.16137602925300598, -0.1547175943851471, -0.1480591744184494, -0.1414007544517517, -0.13474233448505402, -0.12808391451835632, -0.12142549455165863, -0.11476708203554153, -0.10810866206884384, -0.10145024955272675, -0.09479182958602905, -0.08813340961933136, -0.08147498965263367, -0.07481656968593597, -0.06815814971923828, -0.061499737203121185, -0.05484131723642349, -0.0481828972697258, -0.04152447730302811, -0.034866057336330414, -0.02820764109492302, -0.021549221128225327, -0.014890801161527634, -0.00823238492012024, -0.0015739649534225464, 0.005084440112113953, 0.011742859147489071, 0.01840127818286419, 0.025059696286916733, 0.031718116253614426, 0.03837653622031212, 0.04503495246171951, 0.051693372428417206, 0.0583517923951149, 0.06501021236181259, 0.07166863232851028, 0.07832704484462738, 0.08498546481132507, 0.09164388477802277, 0.09830230474472046, 0.10496072471141815, 0.11161914467811584, 0.11827756464481354, 0.12493598461151123, 0.13159440457820892, 0.13825282454490662, 0.1449112445116043, 0.151569664478302, 0.1582280695438385, 0.1648865044116974, 0.17154492437839508, 0.17820334434509277, 0.18486176431179047, 0.19152018427848816, 0.19817860424518585, 0.20483702421188354, 0.21149542927742004, 0.21815384924411774]}, "gradients/fc2.bias": {"_type": "histogram", "values": [2.0, 0.0, 1.0, 0.0, 0.0, 1.0, 1.0, 0.0, 0.0, 0.0, 0.0, 0.0, 0.0, 0.0, 0.0, 0.0, 0.0, 0.0, 0.0, 0.0, 1.0, 0.0, 1.0, 0.0, 4.0, 4.0, 6.0, 28.0, 3.0, 0.0, 0.0, 1.0, 1.0, 1.0, 2.0, 0.0, 0.0, 0.0, 1.0, 1.0, 0.0, 0.0, 0.0, 0.0, 0.0, 0.0, 1.0, 0.0, 0.0, 0.0, 0.0, 2.0, 0.0, 0.0, 0.0, 0.0, 0.0, 0.0, 1.0, 0.0, 0.0, 0.0, 0.0, 1.0], "bins": [-0.009483106434345245, -0.009136528708040714, -0.008789950981736183, -0.008443373255431652, -0.008096795529127121, -0.00775021780282259, -0.0074036396108567715, -0.00705706188455224, -0.006710484158247709, -0.006363906431943178, -0.006017328705638647, -0.005670750513672829, -0.005324172787368298, -0.0049775950610637665, -0.004631017334759235, -0.004284439608454704, -0.003937861882150173, -0.003591284155845642, -0.003244706429541111, -0.0028981284704059362, -0.002551550744101405, -0.002204973017796874, -0.0018583950586616993, -0.0015118173323571682, -0.001165239606052637, -0.0008186618215404451, -0.0004720840370282531, -0.00012550619430840015, 0.00022107153199613094, 0.000567649258300662, 0.0009142272174358368, 0.0012608049437403679, 0.0016073836013674736, 0.0019539613276720047, 0.002300539053976536, 0.0026471170131117105, 0.0029936947394162416, 0.0033402724657207727, 0.0036868504248559475, 0.004033428151160479, 0.00438000587746501, 0.004726583603769541, 0.005073161330074072, 0.00541973952203989, 0.005766317248344421, 0.0061128949746489525, 0.006459472700953484, 0.006806050427258015, 0.007152628153562546, 0.007499205879867077, 0.007845783606171608, 0.008192361332476139, 0.00853893905878067, 0.008885516785085201, 0.009232094511389732, 0.009578673169016838, 0.009925249963998795, 0.010271827690303326, 0.010618405416607857, 0.010964983142912388, 0.011311560869216919, 0.01165813859552145, 0.012004716321825981, 0.012351294979453087, 0.012697872705757618]}, "gradients/fc2.weight": {"_type": "histogram", "values": [2.0, 0.0, 1.0, 0.0, 1.0, 0.0, 1.0, 2.0, 1.0, 0.0, 3.0, 2.0, 0.0, 1.0, 1.0, 1.0, 4.0, 2.0, 5.0, 3.0, 7.0, 7.0, 19.0, 14.0, 14.0, 49.0, 142.0, 7671.0, 82.0, 45.0, 21.0, 22.0, 17.0, 5.0, 11.0, 8.0, 4.0, 2.0, 2.0, 5.0, 0.0, 2.0, 3.0, 1.0, 0.0, 1.0, 1.0, 1.0, 1.0, 1.0, 1.0, 0.0, 0.0, 0.0, 1.0, 1.0, 0.0, 0.0, 0.0, 0.0, 0.0, 0.0, 0.0, 1.0], "bins": [-0.07254909723997116, -0.06989169865846634, -0.06723429262638092, -0.0645768940448761, -0.06191949546337128, -0.05926209315657616, -0.056604690849781036, -0.053947292268276215, -0.051289889961481094, -0.048632487654685974, -0.04597508907318115, -0.04331768676638603, -0.04066028445959091, -0.03800288587808609, -0.03534548357129097, -0.03268808126449585, -0.030030682682991028, -0.027373282238841057, -0.024715881794691086, -0.022058479487895966, -0.019401079043745995, -0.016743678599596024, -0.014086276292800903, -0.011428875848650932, -0.008771475404500961, -0.006114074494689703, -0.0034566735848784447, -0.000799272209405899, 0.001858128234744072, 0.004515528678894043, 0.007172930985689163, 0.009830331429839134, 0.012487724423408508, 0.01514512486755848, 0.01780252531170845, 0.02045992761850357, 0.02311732806265354, 0.025774728506803513, 0.028432130813598633, 0.031089531257748604, 0.033746931701898575, 0.036404334008693695, 0.03906173259019852, 0.04171913489699364, 0.04437653720378876, 0.04703393578529358, 0.0496913380920887, 0.05234874039888382, 0.05500613898038864, 0.05766354128718376, 0.06032093986868858, 0.0629783421754837, 0.06563574075698853, 0.06829313933849335, 0.07095054537057877, 0.07360794395208359, 0.076265349984169, 0.07892274856567383, 0.08158015459775925, 0.08423755317926407, 0.08689495176076889, 0.08955235779285431, 0.09220975637435913, 0.09486715495586395, 0.09752455353736877]}, "gradients/fc1.bias": {"_type": "histogram", "values": [1.0, 0.0, 0.0, 0.0, 0.0, 0.0, 0.0, 0.0, 0.0, 0.0, 0.0, 0.0, 0.0, 0.0, 1.0, 1.0, 0.0, 1.0, 0.0, 0.0, 0.0, 0.0, 1.0, 0.0, 0.0, 0.0, 0.0, 0.0, 0.0, 0.0, 4.0, 1.0, 1.0, 1.0, 22.0, 79.0, 6.0, 0.0, 0.0, 1.0, 1.0, 2.0, 0.0, 0.0, 0.0, 0.0, 0.0, 0.0, 1.0, 0.0, 0.0, 0.0, 0.0, 0.0, 0.0, 1.0, 0.0, 1.0, 0.0, 1.0, 0.0, 0.0, 0.0, 1.0],