{"examples": {"_type": "images/separated", "width": 28, "height": 28, "format": "png", "count": 108}, "_runtime": 40, "_timestamp": 1642425552, "_step": 30, "gradients/output.bias": {"_type": "histogram", "values": [1.0, 0.0, 0.0, 0.0, 0.0, 0.0, 0.0, 0.0, 0.0, 0.0, 0.0, 0.0, 0.0, 0.0, 0.0, 0.0, 0.0, 0.0, 0.0, 0.0, 0.0, 0.0, 0.0, 0.0, 1.0, 0.0, 0.0, 0.0, 0.0, 0.0, 0.0, 0.0, 0.0, 0.0, 0.0, 0.0, 1.0, 0.0, 2.0, 0.0, 1.0, 1.0, 0.0, 0.0, 0.0, 0.0, 0.0, 0.0, 0.0, 0.0, 1.0, 1.0, 0.0, 0.0, 0.0, 0.0, 0.0, 0.0, 0.0, 0.0, 0.0, 0.0, 0.0, 1.0], "bins": [-0.003870990127325058, -0.003770846175029874, -0.0036707024555653334, -0.0035705585032701492, -0.0034704147838056087, -0.0033702708315104246, -0.0032701268792152405, -0.0031699831597507, -0.003069839207455516, -0.0029696952551603317, -0.0028695515356957912, -0.002769407583400607, -0.0026692638639360666, -0.0025691199116408825, -0.002468976192176342, -0.002368832239881158, -0.0022686882875859737, -0.0021685443352907896, -0.002068400615826249, -0.001968256663531065, -0.0018681128276512027, -0.0017679689917713404, -0.001667825155891478, -0.0015676813200116158, -0.0014675376005470753, -0.001367393764667213, -0.0012672499287873507, -0.0011671059764921665, -0.0010669621406123042, -0.0009668183047324419, -0.0008666744688525796, -0.0007665305747650564, -0.0006663866806775331, -0.0005662428447976708, -0.0004660989507101476, -0.0003659551148302853, -0.00026581124984659255, -0.00016566738486289978, -6.552354898303747e-05, 3.462034510448575e-05, 0.00013476418098434806, 0.00023490804596804082, 0.0003350519109517336, 0.0004351957468315959, 0.0005353395827114582, 0.0006354834767989814, 0.0007356273126788437, 0.000835771206766367, 0.0009359150426462293, 0.0010360588785260916, 0.0011362027144059539, 0.0012363465502858162, 0.0013364905025810003, 0.0014366343384608626, 0.001536778174340725, 0.001636922126635909, 0.0017370658461004496, 0.0018372096819803119, 0.0019373535178601742, 0.0020374974701553583, 0.002137641189619899, 0.002237785141915083, 0.0023379288613796234, 0.0024380728136748075, 0.0025382167659699917]}, "gradients/output.weight": {"_type": "histogram", "values": [1.0, 0.0, 0.0, 0.0, 1.0, 0.0, 0.0, 0.0, 0.0, 0.0, 0.0, 0.0, 0.0, 0.0, 0.0, 1.0, 0.0, 0.0, 0.0, 0.0, 0.0, 3.0, 1.0, 1.0, 0.0, 1.0, 0.0, 3.0, 2.0, 1.0, 3.0, 1.0, 2.0, 0.0, 3.0, 2.0, 2.0, 13.0, 51.0, 495.0, 11.0, 5.0, 3.0, 7.0, 3.0, 4.0, 4.0, 4.0, 2.0, 2.0, 1.0, 1.0, 1.0, 2.0, 0.0, 0.0, 0.0, 1.0, 0.0, 0.0, 1.0, 0.0, 0.0, 1.0], "bins": [-0.042939044535160065, -0.0418391153216362, -0.040739189833402634, -0.03963926061987877, -0.0385393351316452, -0.03743940591812134, -0.03633947670459747, -0.03523955121636391, -0.03413962200284004, -0.03303969278931618, -0.03193976730108261, -0.030839838087558746, -0.02973991073668003, -0.028639983385801315, -0.02754005417227745, -0.026440126821398735, -0.02534019947052002, -0.024240272119641304, -0.02314034476876259, -0.022040415555238724, -0.020940488204360008, -0.019840560853481293, -0.018740631639957428, -0.017640704289078712, -0.016540776938199997, -0.015440849587321281, -0.014340921305119991, -0.013240993022918701, -0.012141065672039986, -0.01104113832116127, -0.00994121003895998, -0.00884128175675869, -0.007741358131170273, -0.00664143031463027, -0.005541502498090267, -0.004441574681550264, -0.0033416468650102615, -0.0022417190484702587, -0.0011417912319302559, -4.186341539025307e-05, 0.0010580644011497498, 0.0021579922176897526, 0.0032579200342297554, 0.004357847850769758, 0.005457775667309761, 0.006557703483849764, 0.007657631300389767, 0.008757559582591057, 0.009857486933469772, 0.010957414284348488, 0.012057342566549778, 0.013157270848751068, 0.014257198199629784, 0.0153571255505085, 0.016457054764032364, 0.01755698211491108, 0.018656909465789795, 0.01975683681666851, 0.020856764167547226, 0.02195669338107109, 0.023056620731949806, 0.02415654808282852, 0.025256477296352386, 0.026356404647231102, 0.027456331998109818]}, "gradients/fc2.bias": {"_type": "histogram", "values": [1.0, 0.0, 0.0, 0.0, 0.0, 1.0, 0.0, 0.0, 0.0, 0.0, 1.0, 0.0, 0.0, 1.0, 0.0, 1.0, 0.0, 0.0, 0.0, 0.0, 0.0, 0.0, 1.0, 0.0, 1.0, 1.0, 0.0, 2.0, 1.0, 3.0, 3.0, 2.0, 2.0, 15.0, 19.0, 4.0, 0.0, 1.0, 0.0, 0.0, 0.0, 1.0, 0.0, 0.0, 1.0, 1.0, 0.0, 0.0, 0.0, 0.0, 0.0, 0.0, 0.0, 0.0, 0.0, 0.0, 0.0, 0.0, 0.0, 0.0, 0.0, 0.0, 0.0, 1.0], "bins": [-0.0027585530187934637, -0.00267765368334949, -0.002596754115074873, -0.0025158547796308994, -0.0024349552113562822, -0.0023540558759123087, -0.0022731563076376915, -0.002192256972193718, -0.0021113576367497444, -0.002030458301305771, -0.0019495587330311537, -0.0018686592811718583, -0.001787759829312563, -0.0017068604938685894, -0.001625961042009294, -0.0015450615901499987, -0.0014641620218753815, -0.001383262570016086, -0.0013023631181567907, -0.0012214636662974954, -0.0011405642144382, -0.0010596648789942265, -0.000978765427134931, -0.0008978659752756357, -0.0008169665234163404, -0.000736067071557045, -0.0006551676196977496, -0.0005742682260461152, -0.0004933687741868198, -0.0004124693223275244, -0.0003315698995720595, -0.0002506704768165946, -0.00016977079212665558, -8.887135481927544e-05, -7.971917511895299e-06, 7.292751979548484e-05, 0.00015382695710286498, 0.00023472640896216035, 0.00031562583171762526, 0.00039652525447309017, 0.00047742470633238554, 0.0005583241581916809, 0.0006392236100509763, 0.0007201230037026107, 0.0008010224555619061, 0.0008819219074212015, 0.0009628213010728359, 0.0010437207529321313, 0.0011246202047914267, 0.001205519656650722, 0.0012864191085100174, 0.0013673185603693128, 0.0014482180122286081, 0.0015291173476725817, 0.001610016799531877, 0.0016909162513911724, 0.0017718157032504678, 0.0018527151551097631, 0.0019336146069690585, 0.002014514058828354, 0.0020954133942723274, 0.0021763129625469446, 0.002257212297990918, 0.0023381118662655354, 0.002419011201709509]}, "gradients/fc2.weight": {"_type": "histogram", "values": [1.0, 0.0, 0.0, 0.0, 0.0, 0.0, 0.0, 0.0, 1.0, 0.0, 0.0, 0.0, 1.0, 2.0, 0.0, 0.0, 0.0, 2.0, 3.0, 0.0, 1.0, 2.0, 1.0, 4.0, 6.0, 2.0, 3.0, 9.0, 4.0, 8.0, 12.0, 25.0, 40.0, 81.0, 237.0, 7651.0, 41.0, 12.0, 15.0, 6.0, 4.0, 6.0, 1.0, 1.0, 3.0, 1.0, 1.0, 1.0, 0.0, 1.0, 0.0, 0.0, 1.0, 1.0, 0.0, 0.0, 0.0, 0.0, 0.0, 0.0, 0.0, 0.0, 0.0, 1.0], "bins": [-0.02702544443309307, -0.026258785277605057, -0.025492126122117043, -0.02472546510398388, -0.023958805948495865, -0.02319214679300785, -0.022425487637519836, -0.021658826619386673, -0.02089216746389866, -0.020125508308410645, -0.01935884915292263, -0.018592188134789467, -0.017825528979301453, -0.01705886982381344, -0.016292210668325424, -0.015525550581514835, -0.014758891426026821, -0.013992232270538807, -0.013225572183728218, -0.012458913028240204, -0.011692252941429615, -0.0109255937859416, -0.010158933699131012, -0.009392274543642998, -0.008625615388154984, -0.00785895623266697, -0.0070922961458563805, -0.006325636990368366, -0.005558976903557777, -0.004792317748069763, -0.004025658126920462, -0.00325899850577116, -0.0024923384189605713, -0.0017256787978112698, -0.0009590192930772901, -0.00019235978834331036, 0.0005742998328059912, 0.0013409594539552927, 0.0021076188422739506, 0.002874278463423252, 0.0036409380845725536, 0.004407597705721855, 0.005174257326871157, 0.005940916948020458, 0.0067075761035084724, 0.007474236190319061, 0.008240895345807076, 0.00900755450129509, 0.009774214588105679, 0.010540873743593693, 0.011307533830404282, 0.012074192985892296, 0.012840853072702885, 0.013607512228190899, 0.014374172315001488, 0.015140831470489502, 0.015907490625977516, 0.01667414978146553, 0.017440808936953545, 0.018207469955086708, 0.018974129110574722, 0.019740788266062737, 0.02050744742155075, 0.021274108439683914, 0.02204076759517193]}, "gradients/fc1.bias": {"_type": "histogram",